{
    "interactionModel": {
        "languageModel": {
            "invocationName": "memory game",
            "intents": [
                {
                    "name": "YesIntent",
                    "slots": [],
                    "samples": [
                        "yes",
                        "sure"
                    ]
                },
                {
                    "name": "AnswerIntent",
                    "slots": [
                        {
                            "name": "first",
                            "type": "AMAZON.NUMBER"
                        },
                        {
                            "name": "second",
                            "type": "AMAZON.NUMBER"
                        },
                        {
                            "name": "third",
                            "type": "AMAZON.NUMBER"
                        }
                    ],
                    "samples": [
                        "{first} {second} {third}",
                        "{first} {second} and {third}"
                    ]
                },
                {
                    "name": "AMAZON.StopIntent",
                    "samples": [
                        "stop",
                        "over"
                    ]
                },
                {
                    "name": "AMAZON.NavigateHomeIntent",
                    "samples": []
                }
            ],
            "types": []
        }
    }
}
